joshua,6313185823,joshuansu0899@hotmail.com
pedro,2223185823,pedro@hotmail.com
juan,6313444823,juan899@gmail.com
raul,3333185823,raul@midominio.com
fransico,0912345678,franszu99@hotmail.com
otraP,32323,otra@dsad.com
joshuansu,12324354,joshuanathana
jos,234,jos@jos.com
joshua nathanael saucedo uriarte,1234567890,joshuansu0897@gmail.com
